,area,perimeter,major_axis_length,minor_axis_length,eccentricity,pix_avg,pix_max,pix_min,aspect_ratio,perimeter_area_ratio,shading
1,30486,1028.7392488184005,238.78173066570986,176.03688399510514,0.6756426458467065,132.2309256707997,255,58,0.7372292825934561,0.03374464504423015,197
