,area,perimeter,major_axis_length,minor_axis_length,eccentricity,pix_avg,pix_max,pix_min,aspect_ratio,perimeter_area_ratio,shading
1,11046,572.683332908185,137.00392852366025,114.01431660136093,0.5544794360335348,108.99194278471845,255,24,0.8321974255042689,0.05184531349883985,231
