,avg_shading,avg_eccentricity,avg_minor_axis_length
0,127.0,0.8347564571133014,101.07516227248722
