,avg_shading,avg_eccentricity,avg_minor_axis_length
0,127.0,0.8960334865242457,10.991460784957525
