,avg_shading,avg_area,avg_perimeter,avg_eccentricity,avg_major_axis_length,avg_minor_axis_length
0,109.55555555555556,2060.222222222222,196.41378854630563,0.8086804765001558,60.506312924431654,34.03954145337934
