,avg_shading,avg_eccentricity,avg_minor_axis_length
0,127.0,0.8074026393199815,118.08439161972788
