,avg_shading,avg_area,avg_perimeter,avg_eccentricity,avg_major_axis_length,avg_minor_axis_length
0,119.25,3672.75,286.742424049175,0.7955702745222281,85.04395804110509,45.98504013855296
