,avg_area,avg_perimeter,avg_eccentricity,avg_major_axis_length,avg_minor_axis_length
0,226378.0,2194.776695296637,0.4987674030743101,589.8724338150172,511.26360027150173
