,avg_shading,avg_eccentricity,avg_minor_axis_length
0,127.0,0.2891398587067326,185.1089403111792
