,avg_perimeter,avg_eccentricity,avg_major_axis_length,avg_minor_axis_length
0,286.742424049175,0.795570274522228,85.04395804110507,45.98504013855299
