,avg_perimeter,avg_eccentricity,avg_major_axis_length,avg_minor_axis_length
0,1452.573249587293,0.7043957184544718,339.3494343859588,273.6668920439911
