,avg_perimeter,avg_eccentricity,avg_major_axis_length,avg_minor_axis_length
0,196.41378854630557,0.8086804765001557,60.506312924431654,34.039541453379336
