,avg_perimeter,avg_eccentricity,avg_major_axis_length,avg_minor_axis_length
0,2194.776695296637,0.49876740307431,589.8724338150172,511.2636002715018
