,avg_major_axis_length,avg_minor_axis_length
0,85.04395804110507,45.98504013855299
