,avg_major_axis_length,avg_minor_axis_length
0,60.506312924431654,34.039541453379336
