,avg_major_axis_length,avg_minor_axis_length
0,589.8724338150172,511.2636002715018
