,avg_major_axis_length,avg_minor_axis_length
0,339.3494343859588,273.6668920439911
